title,text
Estou sendo cobrada 2x ao mês,"Percebi que a alguns meses estão me cobrando 2x ao mês e não havia sido informada.Quero pagar somente a assinatura mensal $14,90 e não ser cobrada $19,90"
CONTINUAM COM PROPAGANDAS,"Ha meses fiz uma reclamação por aqui e via email sobre as propagandas do amazon prime! Novamente, não tenho problema que passem propagandas entre os episódios MESMO PAGANDO, mas pelo amor de Deus, custa fazer um sistema de cookies, não aguento mais ter que acordar no susto com PROPAGANDAS DE FILMES DE TERROR À NOITE!!!! Não é possível, nunca assisto essa desgraça de gênero de filmes, não tem coisa melhor pra passar de propaganda!! Respeitem o perfil do usuário de voces!!! "
Calcula de valor errado,"Comprei um kindle Oasis em 16/06/2020 e 2 anos, 3 meses e 11 dias depois ele começo a apresentar alguns problemas (Não carrega a bateria 100%, não conecta na internet de um celular, descarrega em 1 dia e altera sozinho entre letras maiúsculas e minúsculas quando vc vai adicionar uma nota).Ontem de noite liguei no suporte e foi constatado que ele está com a última atualização.Depois de 1 hora e 5 minutos já me passaram que para este caso eles dão um vale do valor e desativam o aparelho antigo. Com  2 anos de uso, tem uma garantia de 100% do valor atual. Mesmo tendo poucos meses após 2 anos eles consideram que tem 3 anos e fazem um desconto no valor de R$ 481 na compra de um novo aparelho. O Kindle Oasis (10 Geração) está com 2 anos, 3 meses e 11 dias de uso.  Como isso só me dá o desconto de R$ 481,00.Fico extremamente decepcionada e revoltada pois não faz nem 2 anos e meio e eles já considera como se tivesse 3  e me dão nem a metade do valor de outro que é de R$ 1.424,00."
Cadeira veio com defeito ,Comprei uma cadeira que veio com defeito e não fica aberta qdo sento
Atraso!!!!!,"Comprei a fonte para o computador do trabalho, onde no anúncio dizia que seria entregue dia 26/09. Deixei de comprar em outro lugar por causa do prazo, que não foi respeitado.Agora estou com o PC parado, no prejuízo e nada da Amazon resolver.Colocaram uma atendente pra falar comigo, e a mesma disse que se até sexta não resolver, vão reembolsar. Absurdo!!! Olha o prazo! Vou perder a semana inteira, e agora vou ter que comprar outra fonte com urgência e mais cara, por causa da displicência da Amazon e dessas lojas parceiras irresponsáveis que trabalham juntas.Info 2000 Informática é a loja parceira irresponsável!Desaforo! A Amazon entrou no Brasil e abrasileirou com esse jeito encostado do país e dos brasileiros.Amazon nunca mais!!!! Vou devolver essa fonte assim que chegar!!!Já cancelei meu Amazon Prime Video, e assim que esse assunto se encerrar, vou cancelar minha conta na Amazon."
Cobrança indevida,"Fui pagar minha fatura de cartão de crédito e tive uma surpresa péssima: cobrança de assinatura de ""Amazonprimebr"" no valor de R$ 14,90. Ocorre que nunca contratei tal assinatura e jamais utilizei os serviços que essa assinatura proporciona, basta conferir a falta de histórico de acesso. Quero o cancelamento da assinatura e a devolução dos R$ 14,90 cobrados indevidamente."
Cobrança indevida na fatura como AMAZON.COM.BR DIGITAL,"Tenho assinatura da amazon prime no valor de R$14,90. Hoje, dia 28/09, recebo notificação do meu cartão de crédito de que realizei duas compras, que não fiz, com o nome Amazon.com.br Digital P, nos valores de R$21,90 e R$24,50.A questão é, eu não faço ideia do que seja, já que não comprei e não assinei nada, a não ser a assinatura padrão do Amazon Prime, e que quase não uso.Mas, pelo que pude ver aqui no próprio site do Reclame Aqui, essa conduta é muito comum da Amazon - fazer com que seus assinantes comprem serviços sem o consentimento do próprio, basta só clicar em algo, que a cobrança já acontece.Entrei no site e vi que, sem meu consentimento, estão cobrando por dois canais que não assinei. Cancelei os canais, mas mesmo tendo feito no mesmo dia, eles dizem que ficará disponível até 28/10 e manterão a cobrança. Isso é um ABSURDO. Quero o estorno no meu cartão de crédito!!!Aguardo retorno da empresa para que esse problema seja resolvido."
Péssima transportadora,"Novamente uma compra minha que foi destinada via Total Express - Tex Courier Ltda está com problema na entrega.Qualquer outra transportadora ou serviço de postagem consegue me entregar, menos essa transportadora.Já é o terceiro pedido que vem por está transportadora e nunca acha ninguém em casa, o incrível é que trabalhamos home office e ninguém apareceu para entregar.Vendo as reclamações desta transportadora no Reclame Aqui vi que é uma prática bem comum dessa transportadora, então quero pedir duas coisas.A primeira é, se vão entregar o meu pedido ou vão fazer conforme os outros dois que ""tentaram"" encontrar alguém e não acharam?E a segunda é, a Amazon, uma empresa desse porte, terceirizar as entregas dela por uma transportadora #*!*, que vamos dizer no mínimo, da pior qualidade possível."
Amazon não quer entregar meu cupom,"Estou participando da Corrida de Recompensas da Amazon Prime desde a Fase 1, que se iniciou em 8 de Agosto. Quando completei a Fase 1 e não recebi meu cupom até o dia 22 de Agosto (data estipulada no site para receber o cupom da Fase 1 por e-mail), entrei em contato pelo chat no site da Amazon e disseram que estavam analisando as contas que receberiam os cupons, que se não recebesse até o dia seguinte eu poderia entrar em contato novamente. Como não recebi o cupom, entrei em contato novamente no dia 23 de Agosto e expliquei que não tinha recebido o e-mail sobre a promoção, mas o atendente me disse que ""realmente era pra ter recebido, vou fazer para você um cupom no valor, porem aqu realmente informa que não esta elegivio pode ser um erro do sistema"". Ele gerou o cupom e disse que se esse erro persistisse nas outras fases, eu poderia entrar em contato e o mesmo procedimento seria feito. Entrei em contato na Fase 2 pois não havia recebido o cupom por e-mail mesmo após completar a Fase 2, então geraram novamente o cupom na minha conta. Porém, agora na Fase 3, entrei em contato e me disseram que ""A data é dia 24/09/2022 ao seu casoDia 24/09 é sabado mesmo, vi aquiSabado você receberá esse e-mail esta bem?""Eu então confirmei perguntando ""Ah sim, entendi. Então receberei o e-mail com o cupom referente a Fase 3 no dia 24/09, certo?"" e a resposta foi ""isso mesmo Giselle"".Entrei em contato pois não recebi o e-mail no dia 24/09 e me informaram que eu não era elegível para a Corrida de Recompensas. Se não sou elegível, como a pessoa que me atendeu no dia 21 de Setembro informou que eu receberia o cupom no dia 24 de Setembro, especificando uma data? E por que a pessoa que me atendeu no dia 23 de Agosto disse que eu deveria SIM ter recebido o e-mail sobre a participação na Corrida de Recompensas e não recebi pois poderia ser um erro de sistema? E ainda me deram os cupons da Fase 1 e da Fase 2?A Amazon é responsável pelo que seus atendentes informam aos clientes durante o atendimento. Eu já completei a tarefa da Fase 3 e da Última Fase, então espero receber meus cupons. Solicitei todos os dados dos meus atendimentos no chat da Amazon e tenho todas as conversas aqui como prova das vezes em que me informaram que eu deveria ter recebido o e-mail sobre a participação na Corrida de Recompensas e quando especificaram uma data para eu receber um cupom que agora estão se recusando a me enviar. Caso não receba os cupons referente a Fase 3 (que já deveria ter recebido) e a Última Fase (que já completei a tarefa e o cupom deve ser enviado até dia 16 de Outubro), tomarei as medidas cabíveis. Não podem informar que eu vou receber os cupons, que eu deveria sim ser elegível e depois voltar atrás.Peço por favor que resolvam esse problema."
Produto não enviado ,Meu esposo comprou um projetor há vários meses e até o momento não chegou. Ele já enviou vários emails e nada foi resolvido.
Conta encerrada sem motivação ,"Olá, Amazon. Minha conta foi encerrada por motivo dos quais eu as desconheço. Dificilmente faço compas dentro do aplicativo, e quando eu faço, tenho Minha conta banida, pelo simples fato de eu ter usado o cartão de crédito de meu filho, com devida autorização. Solicito o desbloqueio do mesmo, pois eu tenho duas compras em andamento, e uma da qual tenho para fazer a devolução. Solicito a reativação da conta, pois não houve um aviso prévio, sobre a suspensão da minha conta, de acordo com o código de defesa do consumidor. Caso não tenhamos uma resolução sobre o caso, solicitarei intermediação via Procon, pois em primeira instância, procurei resolução do caso intermediação e por essa autarquia."
Pedido com status de atraso por processo de vistoria pelas autoridades fiscais ,Meu pedido encontra se com atraso devido vistoria por autoridades fiscais. Fiz a compra porque era pra presente e agora minha entrega está atrasada. Falta de respeito com o cliente. 
Produto eletrônico jogado para dentro da minha residência,"Cheguei em casa a noite e a minha entrega havia sido jogada para dentro do pátio. Caixa toda avariada, um absurdo uma transportadora ter este tipo de atitude. Detalhe "" o produto vem sem nenhum plástico bolha!!!"" Mas isto não diminui o fato do mesmo ter sido arremessado metros para dentro da minha residência no concreto!! Os vizinho relataram um estouro como se alguém tivesse batido alguma coisa. Comprei um eletrônico e não um jogo de roupas. Independente disto a atitude do entregador foi inconcebível. Eu espero sinceramente que revejam o tipo de transportadores e lojas que são contratados para o serviço de vocês. Detalhe, eu não vou instalar meu produto agora, ""o que foi jogado"". Espero que quando o fazer o mesmo funcione pois eu não aceito este tipo de procedimento de uma tamanha empresa com toda a categoria que tem como a de vocês. Se meu produto não funcionar no momento da instalação, vou entrar com as medidas cabíveis, juridicamente ou não mas de forma que este tipo de procedimento não volte a se repetir. E que eu não tenha que passar por mais transtornos como o que já estou passando no momento. "
"Tentando [Editado pelo Reclame Aqui] $14,90",Essa empresa é uma [Editado pelo Reclame Aqui] está a dias tentando usar meu cartão de crédito mas graças a Deus não dá certo porque eu uso e imediatamente cancelo Estão tentando [Editado pelo Reclame Aqui] m como existem muitas reclamações de consumidores q estão na mesma situação EMPRESA [Editado pelo Reclame Aqui] DO CARA. L HO 
Cobrança indevida,"Eu contratei o serviço Amazon Prime, no valor mensal de R$14,90.Ocorre que está sendo me cobrado além desse valor, um outro serviço que não contratei, tbm de 14,90 chamado amazon.com.br Digital."
Nada de reembolso,"Fiz o pedido de um controle remoto que não funcionou. Pedi devolução foi aprovado. Como nao teve cono usar a etiqueta fui ate o correio pagando so meu bolso a entrega!Ate agora nada de resposta, reembolso ou qualquer explicação .. "
Atraso de mais de 10 dias,"Ainda não recebi os itens da minha compra feita no dia 15/09/2022. No momento da compra a estimativa de entrega era para o dia 17/09/2022 (2 dias), porém não recebi. No dia 21/09/2022 entrei em contato via chat do site para solicitar ajuda e foi dito para mim que iriam resolver e que eu receberia uma nova data de entrega. Alguns dias depois fui notificado que o pedido seria entregue até o dia 27/09/2022 (ontem), porém novamente não recebi!Eu comprei a assinatura do Amazon Prime para justamente ter fretes rápidos, porém a minha experiência está sendo terrível.E para piorar a situação, os itens que eu comprei são vendidos e entregues pela própria Amazon.É um absurdo uma empresa tão grande e tão prestigiada pelos seus serviços (incluindo entrega) simplesmente não entregar e não me dizer o que está havendo! Se é falta de estoque, me avise, cancelem o pedido e me devolvam o valor pago."
Pedido cancelado e estorno não foi feito,O pedido 702-1870933-825945821/08624 2x CARTAO final 9512Foi cancelado e já vieram cobrando as duas parcelas no cartão! 
Envia um código para confirmar a conta e mesmo assim não libera o acesso,"Olá! Minha conta foi bloqueada sabe Deus porque. Me lembro que a última compra que tentei fazer no site foi em Junho ou Julho de 2020 de um aparelho celular da Xiaomi, mas não deu certo com o cartão. Me lembro que liguei no cartão e estava tudo ok, aí tentei algumas vezes comprar e nada de liberar a compra. Usei o cartão da minha mãe, se precisar passo o nome completo por telefone e etc. Depois disso eu me lembro que tentei recuperar meu acesso mas nunca dava certo e hoje eu preciso colocar na biblioteca do meu Kindle um livro e não estou conseguindo devido meu acesso estar bloqueado. Liguei na central e ele falou de um formulário, mas queria mtos detalhes como cartão cadastrado para compra e o endereço para cobrança. Só que até um tempo atrás aqui não chegava encomenda dos correios, então cada uma pedíamos para entregar na casa de alguém. O último endereço eu ate lembro, pois foi de uma amigo, posso informar via telefone tbm o endereço completo. Enfim, eu só preciso da minha conta liberada para ter acesso ao Kindle :( alguém pode me ajudar o mais rápido possível por gentileza? "
Assinei os 30 dias grátis do Amazon Prime e ja foi cobrando no meu cartão de débito e até agora não foi estornado. onde está o teste gratis?,Assinei os 30 dias grátis do Amazon Prime e ja foi cobrando no meu cartão de débito.
Eu comprei uma roupa mas ele não atualiza mais ,"A última atualização foi no dia  20 e hoje já 28 e nada de atualizar, só mostra que o produto tá  em trânsito de Carutiba/PR."
ANUIDADE NO CARTÃO CARREFOUR,"Quando fui fazer o cartão carrefour me falaram que eu estava livre de anuidade, porém na fatura do cartão está vindo 15 reais todo mêsNo site do SERASA que indica cartão, também confirma o que disse (segue print em anexo)Favor remover a anuidade."
[Editado pelo Reclame Aqui],"Não é a primeira vez que tenho problemas com o reembolso da shopee,depois de vários dias aguardando reembolso me pediram mais prazo. Não quero aguardar mais nenhum dia,quero meu reembolso já. Chega de conversa mole,assim que me reembolsarem apago esse app e nunca mais compro nada lá. Se não resolverem vou entrar com um processo no juizado especial."
Shopee não realiza reembolso mesmo após 1 mês de cancelamento ,"Fiz compra dia 14/08 no shopee do pedido 2208156CJ7KDK2 e o mesmo foi cancelado pela empresa devido o vendedor não postar dentro do prazo estabelecido no dia 20/08. No dia 22/08 recebi um e-mail alegando que meu reembolso já estava autorizado e solicitaram que eu cadastrasse meus dados bancários no aplicativo.  Realizei o cadastro e foi prometido que em no máximo 15 dias úteis eu receberia um pix com a devolução do valor pago. Esse prazo se passou e o valor nunca foi devolvido. Quando questionados, alegam que devo verificar com minha instituição financeira. O meu problema é com a shopee que hoje me deve o valor que foi pago e não devolvido, não com o banco. Se a questão é o banco, resolvam internamente e me tragam a solução. Já tive transtorno suficiente buscando solução com a Shopee via chat de atendimento com 467 pessoas na fila de espera pra tentar ser atendida e e-mails que nada resolveram minha questão.Exijo retorno e meu reembolso de forma rápida e sem burocracias, como no momento de me venderem."
Reembolso que não saí.,Boa noite estou entrando em contato pós estou esperando o reembolso do pedido 220810RKH4SP0H de um aparelho mini smart tv box que eu comprei no dia 10/08 E pedi reembolso assim que ele foi entregue testei mas não estava ligando a fonte de energia já mandei provas falei com a atendente sobre o assunto tentei uma negociação com o vendedor que e do exterior e ele disse que me enviaria outro aparelho sendo que me enviou outro mandou até o código do novo aparelho assim disse ele eu retirei o reembolso que pedi no mesmo dia mas mesmo assim estendi a garantia shoppe e fui me informa com a atendente que me disse que estaria vindo pro meu endereço mesmo sendo que dias antes de ser entregue estava vindo pro rio de janeiro e assim passou a garantia shoppe que eu estendi e deram pedido recebido blz até aí TD bem fui na confiança da atendente e do vendedor depois de mas 2 dias do rio de janeiro foi pra Rio bonito esse e o código que ele me mandou sendo que pra vir pra minha casa e Belford roxo e não rio bonito Esse e o código do novo pedido NA412541769BR Que o vendedor me enviou dizendo assim que era outro aparelho ainda fui boa e agora já tentei de diversas maneiras conversa com ele e com mas de 10 atendentes no chat da shoppe e nada de me darem posição até por e-mail já estou quase tendo conclusão te entra na justiça contra isso e não quero recorrer não tenho nem mas como ir nos correios pós vou ganhar bebê pra meio de outubro e os correios fica longe da minha casa só quero o reembolso que eu pago a entrada da fonte de energia porq pra devolver vou pagar passagem e vai ser aquela burocracia até o reembolso chegar.. Preciso de uma posição aguardo retorno tenho fotos e vídeos dele não dando sinal e estando ligado o aparelho.
Reembolso prometido e não efetuado,Devolvi as mercadorias dentro do prazo por haver defeito nos tamanhos com promessa de reembolso da quantia paga e nunca recebi a importância
"Cobrança indevida,falta de respeito com o consumidor.","No dia 22/09 meu filho tentou fazer uma compra na shopee no valor de 222,22 a mesma não foi autorizada pelo cartão,no dia seguinte fui olhar o app do cartão e tinha cinco cobranças no valor de 222,22 todas parceladas em 4 vezes,entrei em contato com meu banco ele realmente está constando que fiz todas essas compras,entrei em contato com a shopee enviei os comprovantes do cartão,me deram 2 dias úteis para estorno e até agora nada,ligo lá e me falam sempre a mesma coisa,fiquei sem limite no cartão,não tenho dinheiro para pagar a fatura, o que eu faço? Entro com processo? Porque o meu nome vai sujar por erro da shopee."
"Problema com cancelamento, reembolso e entrega.","Comprei um produto na shopee com o prazo predeterminado para envio, porém na data limite o produto não foi postado, com isso, sem meu consentimento remarcaram a data mais 2 (duas) vezes não deixando eu cancelar a compra e me obrigando a esperar a boa vontade do vendedor em postar o produto. Resumindo, não recebi a mercadoria, nem meu dinheiro de volta. Já reclamei no site da empresa e fui ignorado. "
Não pagam reembolso de pedido cancelado pelo vendedor,"Realizei um pedido de café em uma loja shopee oficial, Empório Nestlé, porém a loja não enviou o pedido, então a própria shopee cancelou o pedido e disse que faria o reembolso. O pagamento do pedido havia sido por pix. Tive que cadastrar minha conta bancária no app, para receber o reembolso, mas já se passou mais de 1 mês e ainda não recebi o rebolso. Minhas tentativas de contato com a shopee só recebo mensagens padrão, mostrando que os atendentes não estão nem lendo a reclamação."
O código de devolução não gera,"Preciso da etiqueta de devolução antes da data estimada pelo app e não receba o reembolso, mas o código de devolução e rastreio não carregam para fazer o procedimento, preciso urgentemente que resolvam ou o erro do app ou me mandem por email pelo menos para que eu consiga fazer o procedimento corretamente."
Estou com dois problemas na plataforma descontaram na minha carteira 20 reais sem eu cometer algum erro e um pedido foi cancelado e e ele está na agência dos correios,"Sou vendedora pela plataforma shopee gosto muito da plataforma mas a demora no atendimento e ninguém consegue solucionar o meu problema dois clientes fizeram devoluções do pedido mas a cliente devolveu sem eu ter a menor culpa pois estava avisado até que número vestia a roupa e ela devolveu entrei contato com a shoppe e me disseram que eu não teria prejuízo algum além da devoluçao da roupa até aí tudo ok nada foi descontado da minha carteira e depois outra cliente pediu reembolso pois o pedido dela não foi entregue na residência pois a casa dela possui restrição de entrega então ficou na agência dos correios entrei em contato com a shoppe e me disseram que eu podia contestar ou simplesmente não fazer nada que eu não teria prejuízo algum e que seria devolvido a mim produto pois assim fiz como me orientaram , até que então foi descontado da minha carteira 20 reais dizendo que foi erro do vendedor e um absurdo , e agora um pedido foi cancelado pois o entregador do correio não conseguiu entregar na residência aí me notificaram que seria devolvido ao remetente aí hoje fui conferir no site de rastreio se já estava sendo devolvido está escrito que foi para agência a pedido do cliente e o produto foi cancelado na minha conta e agora como fico ? No prejuízo ? Acho um absurdo estou entrando em contato desde ontem mas ninguém em retorna em anexo está os prints , tenho todas as provas que fiz tudo corretamente em todos os meu envios"
Reembolso nunca feito,"Pedi um conjunto de bastidores no dia 08/05. Dia 14 nao tinha recebido ainda o produto e vi que a própria shopee havia cancelado o pedido devido ao atraso no envio. Vi que tinha uma mensagem onde me orientava a colocar a minha conta e receberia o reembolso via deposito no valor de r$ 56,59. Eis que passaram 10 dias e nada. entrei pelo app na parte do sac e nao consegui falar com atendente, fiquei so recebendo mensagem automática. Resolvi escrever pro vendedor e nada de resposta..Escrevi uma reclamação aqui no Reclame Aqui e me responderam que foi feito o reembolso na conta do meu marido, mas ja checamos mil vezes os extratos e nunca caiu.. eles simplesmente encerraram a reclamação e disseram que esta resolvido, mas nunca recebi o extrato.."
cobrado frete ,"comprei um produto com frete grátis mais o vendedor cobra um frete por fora porque não consegui entrar pelo correio aí a compra e cancelada e valor que você para pó fora a shoppe não não paga fora a demora do rembolço do cartão que demora só enganação vou perder um valor de 70,00 por culpa do app shoppe "
Frete grátis ,"Fiz meu cadastro na Shopee, preenchi o formulário para aderir ao frete grátis extra no dia 26/09, e pela regra os novos vendedores seriam inclusos no programa as terças-feiras as 20 horas, porém até hoje dia 28/09 não estou incluída no frete grátis, entrei em contato no suporte e ainda não obtive retorno, tentei novamente me incluir no programa através do formulário e consta a seguinte mensagem: This campaign has expired, it seems that there is no available content in this page"
"CUIDADO! Não comprem na Shopee, não fazem devolução! E vendem produtos falsificados! Inflige o art. 49 CDC e art. 184 cód. ","5 MESES DE DOR DE CABEÇA QUE EU TENHO COM ESSA PLATAFORMA CHINESA, COMPREI NUNCA RECEBI O PRODUTO E NEM REEMBOLSO, TEM 5 MESES QUE RECLAMO PELO MEU REEMBOLSO, SÓ RECEBO MENSAGEM AUTOMÁTICA QUE ESTÁ SENDO PROCESSSADO RECEBO ESSA MENSAGME JÁ FAZEM 5 MESES. AS PESSOAS ESTÃO PERDENDO A CONFIANÇA DE COMPRAR NA PLATAFORMA, POIS INFRIGEM TODAS AS LEIS DO DIREITO DO CONSUMIDOR, NÃO ESTÁ VALENDO MAIS A PENA PREÇOS ESTÃO BEM ALTOS, OS PRODUTOS SÃO FALSIFICADOS DE PÉSSIMA QUALIDADE E NÃO TEM GARANTIA DE NADA, NÃO EXISTE NENHUMA SERIEDADE NOS ATENDIMENTOS, AS MENSAGENS SÃO AUTOMÁTICAS E NÃO EXISTE GARANTIA DE REEMBOLSO DE FATO, NA PRÁTICA, É TUDO FICTÍCIO, E SÓ VER AS NOTÍCIAS DA EMPRESA FECHANDO EM VÁRIOS PAÍSES OPERANDO NO PREJUÍZO POR CONSEQUÊNCIA DE UMA PÉSSIMA ADMINISTRAÇÃO, E LOGO LOGO VÃO ACABAR FECHANDO AS PORTAS AQUI TAMBÉM NO BRASIL, ESTÁ CAINDO EM DESCRÉDITO."
Devolução ,"Comprei um produto pela internet ,e não era o tamanho que preciso ,pedi devolução a shoppee se prontificou a devolver me mandou um código pra apresentar no correio que não existe ,e não consigo resolver ainda tenho prazo para isso ,não consigo falar no site em nada tenho sucesso pra resolver o problema .espero que me dêem solução "
Entrega Padrão não chega e nem reembolsa ,"No dia 08/09 realizei um pedido de um espelho (BR224742722400JSPXLM92228) previsto para chegar dia 19/09, porém o rastreio o último status foi dia 10/09 e não sai disso, solicitei reembolso no dia 19 e até agora está em análise. Shopee não está cumprindo com seu dever."
Suporte ineficiente e Enrolação no pagamento do Reembolso ,"O reembolso que a Shopee alega oferecer aos clientes simplesmente não é pago.Fiz um pedido em julho, e não recebi o mesmo. Contatei a Shopee pelo app e fiz o pedido de reembolso e negaram duas vezes.Entrei em contato com o suporte, expliquei a situação e no dia 16/7 recebi um e-mail da Shopee dizendo que o reembolso tinha sido aprovado por conta dos problemas na entrega. Explicaram que poderia demorar 2 faturas pra cair e eu esperei.Dia 16/9 entrei em contato novamente porque não tinha recebido o Reembolso, falei com a atendente pelo chat da shopee e ela me disse que o setor de pagamentos entraria em contato comigo em até 7 dias pra entender o porquê do erro. Esperei mais 7 dias e nada.Entrei em contato novamente ontem. O atendente disse que o reembolso foi aprovado manualmente e que por isso tinha dado erro no processamento da ebanx. Que eu receberia no mesmo dia um email com a carta de reembolso manual ou seria lançado na fatura.Não recebi, nem carta, nem reembolso, recebi um e-mail padrão pra aguarda o reembolso pelo app Hoje novamente entrei em contato com a shopee e o atendente disse que não consta como aprovado meu reembolso, que eu deveria pedi novamente pelo aplicativo.É uma palhaçada isso, 2 meses depois e ainda quer que eu recomece o pedido de reembolso. Os atendentes não dão continuidade ao atendimento, toda vez tem que recomeçar, reexplicar. Hoje ele disse que ia passar meu caso para o suporte entrar em contato comigo por email e o que recebi foi um e-mail padrão sobre como o reembolso é processado.Já li está porcaria sobre como é processado o reembolso umas 200 vezes, o que eu não li ainda foi uma resposta clara sobre quando vou receber meu reembolso. O que eu não vi ainda foram os prazos do atendentes ser realmente compridos pela plataforma."
Não recebi meu produto e não consigo o reembolso,"Realizei uma compra na shopee no dia 10 de setembro com a data para o recebimento do produto para até o dia 21 setembro. Dia 13 de setembro foi atualizado que o objeto havia sido postado, mas desde então no rastreamento do pedido não houve mais nenhuma atualização. Dia 21 sem receber o produto e ainda constando no rastreamento apenas como objeto postado, ainda sem nenhuma atualização, entrei em contato com a empresa perguntando se havia tido algum problema com meu pedido e eles pediram pra entrar em contato com o chat da shopee, fiz isso mas não obtive sucesso. Entrei em contato novamente com a empresa que fiz a compra e eles apenas responderam pede o reembolso. E assim fiz como recomendaram, pedi o reembolso mas para minha surpresa a empresa criou uma disputa sobre, sendo ela mesmo que recomendou que eu o fizesse, agindo de má de fé. A Shopee me mandou uma mensagem dizendo que eu poderia esperar mais 7 dias e receber o produto ou escolher não receber e obter meu reembolso. Eu escolhi não esperar e receber o reembolso por não saber quando eu iria e se eu iria receber a encomenda. Mas hoje dia 28 eles responderam que eu devo esperar a encomenda chegar, recusar a entrega, eles receberem essa confirmação e só depois disso vão continuar o processo de reembolso. Mas como eu vou recusar um pedido que nem a Shopee, nem a empresa sabem me dizer onde a encomenda se encontra, não dá para rastrear e já se passaram 20 dias que eu comprei e 7 dias da data limite de entrega?Vale lembrar que a data prevista para entrega do pedido era para o dia 21 de setembro, e até hoje dia 28 não recebi o produto, não há como saber nem quando e se vai entregar.E de acordo com o artigo 35 do código de defesa do consumidor diz que não entregar um item no prazo acordado significa descumprimento de oferta por parte de quem vende. Segundo o artigo 35 em caso de descumprimento da oferta o consumidor poderá escolher livremente dentre 3 opções:1: exigir o cumprimento forçado de obrigação;2: aceitar outro produto ou prestação de serviço equivalente.3: rescindir o contrato, com direito à restituição de quantia eventualmente antecipada, monetariamente atualizada, e a perdas e danos.Já tentei de várias maneiras resolver e não consegui, espero que agora resolva por aqui."
Entrega não realizada,"Fiz uma compra que nunca chegou no endereço informado e o entregador informou que foi entregue, inclusive ele anotou o nome da pessoa que recebeu porque ele entregou outros produtos no mesmo dia. Conversei no chat da shopee, me informaram que ia ser entregue e não aconteceu. Tentei pedir reembolso, o vendedor informou que não ia reenbolsar pq o produto foi entregue. Afinal quem vai pagar meu prejuízo. O entregador [Editado pelo Reclame Aqui] ou a Shopee com propaganda enganosa dizendo que é seguro comprar. Esse mesmo produto que eu comprei meu filho comprou e não recebeu ainda falaram que ele mesmo havia recebido. Shopee tá virando bagunça. A confiança que eu tinha perdi."
Não estou conseguindo cancelar um pedido,Tenho um pedido GSHNWX14C00N8S2Em que o mesmo encontra-se como enviado a mais de 1 mês e ainda não chegou E não consigo cancelar esse pedido eu quero cancelar e pegar meu dinheiro de volta 
Usei a bolsa uma vez e o fecho quebrou! ,"Oi!Geralmente compro na Shein e comprei uma bolsa linda! No entanto, quando usei pela primeira vez, estava tudo certo até eu, voltando para casa, percebi que o fecho da minha bolsa saiu. Ou seja, ela veio com defeito. Gostaria muito que resolvesse esse problema, pois eu amei a bolsa, mas fico chateada por ter um defeito desse. Meu número do pedido é: GSHN3M4340004HD"
Pagamento de despacho,"Fiz uma compra na Shein, dividiram o pacote e 3 partes, chegou 2 pacotes, mas o 3 pacote esta preso no correio espero pagamento, eu nem sabia o que significa pois nunca fui notificada sobre, resolvi procurar e vir que estão cobrando uma taxa de[Editado pelo Reclame Aqui].62. Fiz a compra em 08/08/2022"
Não recebi ,Meus pedidos não chegaram.Paguei a vista.pedidos:SZZQ8108284650SZZQ8108380730
"Fui taxada, mas não quero pagar e sim o reembolso","Tenho um pedido e fui taxada pelos correios, mas não quero pagar, gostaria de receber meu reembolso 100%, mas não sei como proceder, gostaria de um retorno! "
Autorização de Postagem,Autorizaçao de Postagem NAO foi aceito pelo CORREIOS.Solicitei a troca da blusa por um tamanho menor q dentro da politica de devoluçao da SHEIN é gratuita em 30 dias. A etiqueta informada pelo call center esta invalida e os CORREIOS NAO aceitou. No. Do pedido: GSHNW3404000QLMTEMPO DO PEDIDO: 16 de Agosto 2022 as 22:3127Data da entrega: 04/09/2022Autorização de Postagem: 2224527685 NAO ACEITO PELOS CORREIOS
Atraso de envio de mercadoria/Sem rastreio,"No dia 31/08/2022 concluir uma compra, alguns itens já foram enviados e os demais com prazo de entrega para o dia 27/09/2022 ainda não foram nem separados, segundo informações dadas pelo app da empresa. Solicito providências, o mais rápido possível."
Meu pedido foi dado como entregue pelo rastreamento mas não chegou na minha casa.,"Dentro da shein tem itens de envio nacional. Dentro do meu pedido há três itens nacionais. Esses três foram dados como entregue em outra cidade e não chegaram na minha casa, sendo que meu endereço estava certo. Tentei entrar em contato pelo Serviço de atendimento e não obtive resposta.As compras de envio internacional chegaram, as nacionais não."
Não recebi código de rastreio ,"Meu pedido já foi enviado no App ,mas não recebi o e-mail de enviado com o código pra o rastreamento ."
Pedido parado shein,"Foi mais rapido da china para o Brasil e de Curitiba para minha cidade do que esta sendo do correios da minha cidade ate minha casa, 5 dias uteis já e ele esta parado, eu paguei caro em 1 única peça e esta demora, ate desmotiva   pedido: NA470874409BR"
Pedido em Processamento ,"Eu fiz uma compra e 3 itens estão em processamento, quero cancelar o pedido e quero reembolso dos itens ."
Não recebi meu pedido e não conseguir meu reembolso ,"Efetuei meu pedido na shein e observei que era envio nacional meu pedido era pra chegar dia 20 a 22 de setembro, como não recebi entrei em contato com o suporte porém não ouve solução, fiz um bilhete pra o e-mail entrei em contato com o suporte online e o mesmo considerou eu esperar mais 5 dias esperei o máximo q pude porém meu pedido não tem nem atualização de rastreio ao ver q não tinha a opção de reembolso apertei  confirmar entrega pra ver se aparecia a opção de devolução e reembolso mas não apareceu. QUERO MEU REEMBOLSO."
Comprei um conjunto  paguei e nunca recebi nada ,Dia 18 de agosto de 2022 comprei um conjunto calça e uma camiseta paguei no cartão de crédito foi descontado nunca que a encomenda chegou e nem sequer me faz o reembolso estou muito triste sou pobre ganho pouco qualquer valor faz falta para mim e ninguém me dá satisfação
Shein não cumpre com prazo de entrega,"Meu pedido GSHNWV30X00M26Q ainda não foi entregue, apesar do prazo escrito no site apontar que a entrega deveria ter sido realizada entre 22 a 27/09/22.Quero saber o que houve com a encomenda. Quando a receberei, já que o rastreio só mostra movimentação do pacote até o dia 21/09/22?"
Como acessar minha conta Shein ,"Comprei produtos na Shein, não consigo acessar minha conta, faz 30 dias e até agora não recebi. Meu número de rastreamento é SZZQ8108379795."
Pedido em processamento ,"Comprei alguns produtos a quase um mês e até hoje não foram enviados sendo que o prazo de envio é de até 7 dias. Não consigo entrar em contato com a loja e nem cancelar o pedido pra ter meu dinheiro de volta, quero saber como a empresa pode resolver meu problema "
Pedido não entregue ,"Fiz um pedido, mas não foi entregue, coloquei o endereço certo, mas a SHEIN colocou o endereço errado na encomenda e não chegou até a mim e o pedido está voltando para o remetente"
Não consigo realizar devolução pelo app,"Comprei um produto pelo app quero devolver a peça pois a mesma ficou grande, e a opção de devolução não está permitindo o passo a passo para eu devolver o item.A compra foi realizada no dia 11/09/2022,Floral Wrap Cross Maiô push up biquíni com quimono. Pedido: GSHN3M55000N368Espero que a Shein entre em contato e resolva o problema."
Mercadoria [Editado pelo Reclame Aqui]/extraviada,"Comprei mercadoria e ela não chegou. Ao consultar no site da Shein o que ocorreu aparece a informação de que foi [Editado pelo Reclame Aqui]/extraviada dos correios.   Ao tentar contato com os correios, foi informada que ""conforme normas postais internacionais, o remetente, por ser o contratante do serviço de distribuição no exterior é responsável legal pelo objeto, é o único beneficiário de possível indenização. Nesse sentido, o remetente deverá formalizar reclamação no Correio de origem. Caso tenha ocorrido o pagamento do despacho postal ou tributos para à encomenda no momento da nacionalização do objeto no Brasil estes serão ressarcidos pelos Correios ao destinatário.""O que comprei foi com muito custo e depois de ano juntando dinheiro para poder me presentear em meu aniversário. Estou muito chateada. Quero providências. O uque seja enviado novamente a mim o que pedi ou que seja realizado o estorno do valor."
Frete grátis elegível (mentira),"Desde que a Shein adicionou essa opção de produtos de envio nacional eu não fiz mais compras. Sempre coloco tudo no carrinho, aparece que meu pedido está legível pra frete grátis, mas quando vou finalizar a compra, tenho que pagar o frete. Já tentei pedir de uma só loja, aumentar o valor do pedido, tudo, mas nada funciona. Pra que diz que vai ter frete grátis se não tem? ."
Estorno não efetuado,"(Pedido: 1134270873693667 - Echo Show 2 Geração Smart Speaker Tela 5,5) Pedido devolvido porque foi recebido errado, a abertura da embalagem feita dentro da agencia dos correios onde foi filmado  a abertura da embalagem. Preciso do estorno nunca foi feito, e tenho vídeos do recebimento do produto nos correios"
Tiraram meu cupom,"Entrei no site da Magalu e me interessei por uma smart TV da LG. Nela me deram um cupom de um desconto de R$200,00 (AMISTOSO200). Salvei a compra no meu carrinho mas devido a um imprevisto acabei não terminando de concluir a compra, porém, deixei salva no meu carrinho. Horas depois entrei no site pra concluir a compra. Fui no meu carrinho pra concluir e cadê o meu cupom? Sumiu! Digitei de novo e disseram que não estava mais disponível pra mim. Como assim? Estava lá no site o tempo todo e salvei no carrinho. Poucas horas depois não estava mais disponível? Cara, essas coisas desanimam a gente de fazer compras "
Entrega atrasada - reclamação sem retorno,"Fiz uma compra no site da magazine Luiza (Pedido: 1168970369445031) no dia 10/09 com previsão para retirada na loja no dia 15/09.Por várias vezes tentei retirar, porém o produto ainda não estava disponível para retirada.Fiz uma reclamação no site e por e-mail no dia 24/09 querendo saber detalhes e a previsão de resposta era dia 28/09.No entanto, até hoje não consegui retirar o produto nem tive retorno da loja.Verdadeiro absurdo e descaso com o consumidor.A compra era para ser um presente de aniversário para minha irmã, seu aniversário já passou a dias e diante de toda essa demora não consegui cumprir o objetivo, trouxe prejuízo e insatisfação."
fiz uma compra e a magazine cancelou meu pedido sem me comunicar.,"no dia 28 de setembro de 2022 fiz uma compra na magazine pelo app do meu fillho.O valor do cartão foi descontado e eles cancelaram a minha compra.e só fui informada porq liguei para o 0800.nem produto e nem devolução do meu dinheiro.Aguardo, RETORNO DA EMPRESA URGENTE PARA UMA SOLUÇÃO E AINDA ME PASSARAM O CONTATO DA EMPRESA FORNECEDORA, QUE AINDA TENTOU FAZER NEGOCIAÇÃO POR FORA COMIGO PELO ZAP.UM ABSURDO."
descaso,Inadimicivel uma loja do tamanho do Magalu deixar pessoas dizendo ser parceiro do Magalu vender dentro da mesma colocar oferta e promoção pra enganar as pessoas como eu fui enganado compra paga a vista pelo Pix espera mais de 20 30 dias. Na esperança de receber o que comprou. E nada quando vamos reclamar do que não recebemos. O magazine Luiza simplesmente efetua o cancelamento e te fala cancelamento realizado mas não devolve o seu dinheiro e nem o que vc está a esperando simplesmente dizem pra vc que o parceiro ouve um poblema e não pode ser realizado gente o que e isso cuidado em propaganda principalmente no MagaluEu não tenho nada a ver com parceiro de Magalu comprei foi do sit Magalu o poblema e com Magalu mas estou procurando auxílio do procon em breve e repassando em minhas redes sociais em breve farei vídeos relatando isso nem satisfação. Desde o dia 09 de setembro ate agora 28/09  pessoal nao compre no sit magazineluiza esta com essa palhaçada 
Produto danificado ,"Fiz a compra de uma caixa de sabão em pó e o produto veio com a caixa molhada, rasgada e por ter sido molhada, produto veio com algumas pedras de sabãoNenhum cuidado com os produtos comprados. "
"Atendimento desleixado, vale-compra não solicitado e atraso no estorno","Fiz uma compra de 11 livros na Magalu no dia 09/08/2022. Alguns dias depois, surgiu um crédito na minha conta da loja de R$106,60, sem explicação alguma. Quando os pedidos dos meus livros chegaram, notei que faltavam 4, e que o crédito na loja era do exato mesmo valor desses 4 que não vieram. Primeiro, preciso dizer que já achei o cúmulo da falta de respeito nem me avisarem o que aconteceu com o pedido e já sair dando vale-compra na loja. Mas enfim, segui para o atendimento online e foi mais caótico ainda. Eles primeiro me disseram que eu havia comprado um travesseiro (nunca fiz essa compra) e que os créditos eram porque mandei trocá-lo, mas os livros iriam chegar. Depois, disseram que os livros não iriam chegar, porque estavam fora de estoque na Magalu. Ainda em tempo, erraram o nome dos livros nos e-mails que trocaram comigo, mostrando total descuidado. Detalhe: em nenhum momento me questionaram se eu queria estorno no cartão, só ""avisaram"" que o vale-compras já estava ativo na loja. Se não bastasse toda essa confusão, eles fecharam o atendimento sem solucionar meu problema. Entrei em contato com a Magalu mais uma vez para solicitar o estorno do valor no meu cartão. Eles me disseram que havia sido liberado um crédito na loja de R$ 307,80, que eu havia utilizado em compras, e tinha sobrado R$106,60 (o nível de confusão de cada atendimento foi pertubador). Por fim, eles garantiram que fariam o estorno no meu cartão em até 30 dias, em mensagem enviada no dia 27/08. Estou esperando até hoje o estorno desses 4 livros no meu cartão, me perguntando como pode uma loja como a Magalu ter um atendimento tão desleixado com o consumidor?"
Comprei jogo de panelas tramontina turim em oferta. Paguei com pic. Não recebi confirmação do pedido as tenho comprovante de pagamento. Estranhei não ter recebido a confirmação  e entrei em contato,Enviaram e mail dizendo que iam entrar em contato hoje mas isso não aconteceu. 
Troca produto ," Recebi dia 10/09 uma TV com defeito, solicitei imediatamente a troca da mesma, recolheram dia 16/09 e o magazine Luiza enviou um e-mail dia 21/09 dizendo que a previsão de entrega da minha nova TV era dia 27/09 e até o momento da reclamação não recebi a tv, nem sequer um protocolo, nota fiscal ou rastreio da tv. É um descaso total, é assim que a Magazine Luiza trata seus clientes? Espero que me por aqui me tratem com a merecida atenção e urgência !!"
"Compra da Geladeira/Refrigerador Brastemp Frost Free Evox  - French Door 540,6L com Ice Maker Ative BRO80","Dia 23/09 comprei pela uma oferta na internet valor de 1899,00 de 10 x sem juros, compra foi a provado com frete 346,00, no dia 24/09/22 recebi uma mensagem do app magazine Luiza no meu whatsapp que era pra eu entrar em contato com Magalu -Marketplace  número celular 13 99600-8971, assim fiz, em conversa com atendente me informou que a compra está com inconsistência no frete que estava para entrega via correio, o por ser uma geladeira não teria como, para emitir a nota fiscal tinha que estornar o frete e o valor seria devolvido, mas que iria calcular um novo frete."
Venda de produto falsificado ,"Magazine Luisa, quero meu dinheiro de volta. Vocês aplicaram [Editado pelo Reclame Aqui], juntamente com a empresa parceira em mim. Os correios tentaram entregar o produto 3 vezes pra parceira falcatrua de vocês e não conseguiu e estão devolvendo o produto pros correios que eu enviei o produto. Portanto a empresa já não existe mais. Quero que seja estornado o meu valor urgentemente, pois vocês agiram de[Editado pelo Reclame Aqui] juntamente com a parceira de vocês e me entregaram um tênis falsificado. Ainda tiveram a cara de pau de no dia 21 de setembro, me manda uma mensagem no chat que o produto estava sendo entregue ao vendedor, sendo isso muito mal caratismo, pois no site de rastreamento o produto já estava sendo reencaminhado para Porto Alegre no dia 20, não tiverem ao menos a capacidade de olhar antes de vir mentir e ganhar tempo, passando informações erradas para seus clientes. Sempre comprei na Magazine aLuisa e nunca tinha sido [Editado pelo Reclame Aqui], isso é [Editado pelo Reclame Aqui], não tenho o meu dinheiro e nem o meu tênis. Se meu valor não for devolvido dentro de 72 horas, entrarei com processo de vê da de produto falsificado e por danos morais, devido não ter podido usar o tênis novo para a ocasião que eu precisava. Fico no aguardo"
Magalu parceiro ,"Minha comissão não caiu na minha conta,eles falam que os dados estão inválidos porém estão corretos,já mandei vários e-mails e não respondem ou mandam msg automática"
DIFICULDADES DE CANCELAMENTO E REEMBOUSO ,"Efetuei a compra de 3 Estojo para Frente Destacável CD Player Pioneer, não consegui retirar na loja. Funcionário não localizou o produto, mesmo sendo informado que já estava disponível para retirada. Efetuei o cancelamento em 23/08 e até hoje não tive meu reembolso. Pedido: 1159470362961248"
TV SAMSUNG 8K / modelo 2022 COM DEFEITO.,"Olá Magalu, venho até esse canal de reclamação solicitar com urgência a solução de minha compra/troca, dia 18/09 comprei uma TV Samsung NEO Qled QN800B numa promoção junto ao banco SANTANDER, onde a mesma veio com defeito, reclamei no mesmo dia que recebi o produto 21/09.Segue protocolo aberto via Site: 11949350 no mesmo dia do recebimento.Segue protocolo aberto via SAC no dia seguinte: 60133945Me passaram que seria retirada até a data de hj 28/09; agora são 21:30h desse dia ninguém veio retirar;Foi me dito que a TV seria trocada nos próximos dias.Minha fatura fechou dia 26 agora.. e já tenho parcela da TV pra pagar daqui 2 dias no próximo dia 1.. e não tenho a TV. Sentimento de frustração.Solicito que me entreguem outra TV urgente ou cancelamento da compra pra poder comprar em outra loja.Aguardo quanto antes a solução desse inconveniente.AttMarcos"
Produto não entregue,"No dia 07/09, comprei 4 garrafas térmicas, em 09/09 o pedido foi entregue parcialmente (2 garrafas). Minha cunhada recebeu as garrafas e questionou o entregador sobre a quantidade que estava sendo entregue, o mesmo informou que só constava as duas para entrega. Porém deixou seu telefone e disse que se houvesse algum problema entrasse em contato com ele. Quando fiquei sabendo, entrei em contato com o Magazine Luiza, a resposta que tive foi que todos os produtos foram entregues, me enviaram um comprovante onde tinha a suposta assinatura da minha cunhada, quando a mesma viu o comprovante, percebeu que sua assinatura foi falsificada, inclusive o nome estava escrito errado.  Comuniquei o fato ao Magazine Luiza, e enviei trocas de mensagens do entregador com a minha cunhada, onde o mesmo dizia está com a caixa que não foi entregue. Fiz mais um contato com o magazine, fui informada que a transportadora entraria em contado comigo. No dia 21/09 um representante da transportadora GFL, me enviou mensagem falando que estava acionando a unidade responsável para finalizar a entrega que aconteceria no máximo em 3 dias. Até o momento a entrega não aconteceu. Enviei mensagem para a transportadora questionando, as mensagens foram lidas, porém não responderam. Um absurdo o desrespeito com o cliente, além de não receber o produto cometeram um [Editado pelo Reclame Aqui] (assinatura falsa).  Solicito posicionamento do Magazine Luiza.   Número entrega: 84846255."
Estou com problemas em acha o  produto que vi o anuncio,Olá achei um produto pela Internet que é do site de vocês só que vou no site e não acho e eu quero comprar 
Chegou amassado ,Microondas chegou amassado!Preciso usar e para solicitar a troca/devolução o prazo são de 20 dias! Gostaria de um bom desconto para permanecer com a compra ou gostaria de mais agilidade no processo de devolução para poder comprar em outro lugar um produto sem avarias. Fiz um vídeo que mostra melhor os dois amassados mas não está dando a opção de anexar vídeo.
"Não recebi o produto, e querem q eu devolva pra ter o Reenolso","Poduto era pra ser entregue, ate dia 9,para retirada na loja, entrei em contato varias vezes, e não tive retorno, dia 26, liguei novamente e fizeram o cancelamento, agora estou recebendo email pra entregar o produto no correio, para q faça o reembolso, como vou postar se nem recebi. "
Enviaram produto errado,"Fiz uma compra de uma pista hotweels com loop chegou uma pista sem o loop e a pista que eu comprei está mais cara no site, solicitei a devolução mas quero pagar o mesmo valor na pista que eu comprei. Quero a troca pela pista que eu escolhi e paguei"
Produto falso ,"Olá!  Então,  adquiri o Gold standard magnesium da doctors first na plataforma da Magazine Luiza,  Reparei algumas diferenças no frasco e principalmente na tampa do produto.   Vi que o produto não tem número do lote. Entrei em contato com a Doctors first e fui informado que eles não vendem em plataformas, ou seja,  só no site oficial deles. O problema que eu tomei duas cápsulas sem saber se faz bem ou mal."
Produto cancelado sem informações ,"Fiz uma compra dia 26/08, estava aguardando, recebi contato do entregador informando que iria fazer a entrega e nao foi feito. Entrei em contato 2 vezes com atendimento do Whats, ontem fui informada que seria entregue, e hoje para minha supresa o pedido foi cancelado sem nenhuma informação.Quero saber quais providências serão tomadas, pois eu nao quero reembolso e sim o produto. Pois nem sei se consigo do mesmo preço. Entre outros poréns para um novo pedido."
Propaganda enganosa,"Estou comprando uma televisão de 65 polegadas e pesquisando na internet atraves do google compras percebi que a casas bahia está com uma promoção da televisão que eu estou querendo, porem quando clico no link o site do google redireciona para o site da casas bahia e o valor do produto muda, uma diferença de 1100 reais, literalmente propaganda enganosa, se a pessoa não prestar atenção nos valores cai no [Editado pelo Reclame Aqui] e paga muito mais caro, decepcionante, lembrando que o historico dados e cash foi limpo pelo navegador."
Estorno de compra cancelada,"Realizei a compra dia 19/05 e cancelei 5 minutos depois. No site consta como cancelada, porem foi emitida a nota fiscal. No dia seguinte liguei no Sac e abri uma solicitação, onde fui orientada para não receber o produto. No dia da entrega como não estava o inquilino recebeu o produto.No mesmo dia liguei no Sac e abri um novo chamado e que em até 4 dias úteis receberia um e-mail informando a data da coleta.Com 7 dias uteis liguei novamente e me informaram que o chamado estava incompleto, foi aberta nova solicitação e até hoje 30 dias depois não recebi e-mail e nem previsão para retirada.O produto foi retirado pelos correios em 06/07 e até o momento não houve o estorno no meu cartão. Houve vários contatos, porem até hoje não recebi o estorno. "
Produto sem estoque e não consigo cancelar,"Comprei uma panela com prazo de entrega em 2 dias, se passaram 3 dias e recebo a mensagem que o produto não tem em estoque e tenho duas opções, reagendar ou cancelar. Clico em cancelar, entro no site, faço todo processo de cancelar e fala que tenho que entrar em contato com o suporte.. que bagunça de empresa, eu que levo o prejuízo em não receber o produto que comprei que seria presente e agora eu que tenho que ligar no suporte péssimo deles para ter meu estorno do cartão??? Segunda vez que tenho problema com essa loja."
Mercadoria não entregue e não resolvem a devolução das parcelas do cartão,"Fiz uma compra de TV 50! Samsang nas Casas Bahia no dia 12/08/2022, onde coloquei o CEP errado. Porém, assumo o meu erro, a Casas Bahia errou em emitir NF com o CEP errado, a logistica de entrega também errou em não conferir o CEP com o endereço errado. Eu, que tive de achar o erro, pois a TV foi entregue na Cidade de Curvelo/MG, e o destino dela com endereço correto era São Gonçalo do Sapucai, no sul de minas. Detectamos o erro, a transportadora devolveu a TV. Onde está TV está não sei. Entrei em contato, porém o telemarketing das Casas Bahia, so fazem protocolo, solução nenhuma. Ja efetuei o primeiro pagamento, o segundo já esta vencendo e até o momento não tenho solução e ninguem sabe.A última data foi hoje para entregar a TV 28/09/2022, quase 60 DD. Estou cansada de anotar protocolo sem solução. O cartão de crédito necessita da autorização das Casas Bahia para fazer o estorno. Eles querem que façamos a negativa de recebimento, como fazer, se a mercadoria não chegou no endereço. Abri mais ou menos uns 20 protocolos solicitando solução, até hoje nada.Fiz o ultimo protocolo hoje às 19, 59. onde fui informada novamente, que não tem solução. Casas Bahia onde está sua integridade e comprometimento com o consumidor. Precisamos de solução e não de atendentes robôs e operadores telemarketing terceirizados que não tem argumentos e nem empatia com o consumidor."
FALSA GARANTIA ESTENDIDA ,"NO DIA 14/08/2020 COMPREI UMA FRITADEIRA ELÉTRICA SEM ÓLEO AIR FRYER MONDIAL NEW PRATIC AF31 3,5 L - PRETA, NA LOJA ONLINE DAS CASAS BAHIA. DEVIDO A INSISTÊNCIA DE UM FUNCIONÁRIO (QUE PROVAVELMENTE POSSUI METAS SOBRE SEGUROS VENDIDOS) ADQUIRI UMA GARANTIA ESTENDIDA DE DOIS ANOS, MAL SABENDO QUE ISSO ME TRARIA MUITA DOR DE CABEÇA.NO DIA 05/09/2022 ACIONEI TAL GARANTIA DEVIDO UM PROBLEMA OCORRIDO NO PRODUTO, QUE TEVE A ALÇA DE MANUSEIO DANIFICADA PELO SEU AQUECIMENTO, QUE ATINGE ALTAS TEMPERATURAS. CONTUDO, NO DIA 23/09/2022 A EMPRESA ""ZURICH"", RESPONSÁVEL PELA GARANTIA, ME ENVIOU UM LAUDO TÉCNICO INFORMANDO A OCORRÊNCIA DE MAL USO. NO ENTANTO, O DANO OCORREU PELO USO COMUM DO APARELHO, QUE DERRETEU O CONTATO DO PARAFUSO COM A ALÇA DEVIDO AO  AQUECIMENTO NORMAL DO EQUIPAMENTO. NESSA CIRCUNSTÂNCIA,  NÃO HOUVE, DE FORMA ALGUMA, MAU USO DO PRODUTO, UMA VEZ QUE NÃO EXISTE OUTRA FORMA DE UTILIZAR A ALÇA DO APARELHO, A NÃO SER PARA RETIRAR/INSERIR O CESTO DA FRITADEIRA, TENDO A SEGURADORA AGIDO DE[Editado pelo Reclame Aqui] COM ESTA ALEGAÇÃO. ALEGARAM AINDA, PARA O NÃO COBRIMENTO DA GARANTIA, UM ""DEFEITO"" INEXISTENTE NA RESISTÊNCIA, QUE ESTAVA FUNCIONANDO PERFEITAMENTE, ""DEFEITO"" ESSE QUE NÃO FOI O ALVO DA MINHA REIVINDICAÇÃO, POIS FUNCIONAVA PERFEITAMENTE.EXIJO QUE SEJAM CUMPRIDOS OS TERMOS OFERECIDOS (COM INSISTÊNCIA PELO VENDEDOR) NO ATO DA COMPRA E A GARANTIA SEJA COBERTA CONFORME FOI CONTRATADO, UMA VEZ QUE NÃO HOUVE MAU USO."
Produto não emite nota fiscal,Comprei uma tv 65 smart Samsung na data do dia 27 e até o momento não recebi a nota fiscal do produto. Um total descaso.Pedido: 345999843Claudino Milesi 
STATUS ENTREGUE NO APP MAS NÃO RECEBI,"Realizei uma compra no app e o prazo era de 12 dias ate a entrega, se passou 3 dias e verifiquei que constava que estava entregue sendo que não recebi, conferi com as pessoas responsável do prédio e ninguém recebeu nada também. Cliquei na opção de produto não recebido e enviei mensagem pelo whatsapp que a loja disponibiliza para atendimento ao cliente relatando o que aconteceu e ate o momento não tive resposta."
PROPAGANDA ENGANOSA,"Hoje 28/09/2022 estava pesquisando uma smart tv quando encontrei uma de 65 POLEGADAS nas casas bahia com redução de preço que se dizia por 2.611,55 porém quando eu clico no link que redireciona pro site das casas bahia, o valor está de 3.704,05, isso é propaganda enganosa, vi de um valor e quando clico para comprar está de outro, quero comprar pelo valor que está anunciado na promoção de 2.611,55, gravei um video e tirei prints para provar."
Propaganda Enganosa,"Em pesquisa no Google de uma Tv de 65 polegadas para comprar, a primeira opção que aparece é da Casas Bahia e ainda tem um destaque em cima do produto DESCIDA DE  PREÇOS. O preço do anúncio estava ótimo, porém quando clico para abrir o preço muda de 2.611,55 para 3.704,20 pelo computador e 3.899,00 no app e ele altera não é pela forma de pagamento, ou seja eles colocam um preço bem baixo para atrair o consumidor a entrar no site/app, quando entramos o valor muda. Isso é ilegal, fere o código de defesa do consumidor (de acordo com o PROCON), se o valor está ofertado, quando clica, deve ser o mesmo valor anunciado. Quero comprar a Tv no valor que consta na publicidade. Espero que esse problema seja resolvido, para evitar maiores transtornos. Vocês não podem tratar o consumidor assim.Segue fotos e também fiz a filmagem da dela, mostrando o valor e quando clica a mudança."
Valor de anúncio divergente ao efetuar a compra,"Entrei no site da referida empresa para tentar adquirir o aparelho Smart TV 65"" UHD 4K Samsung 65AU7700, Processador Crystal 4K, Tela sem limites, Visual Livre de Cabos, Alexa built in, Controle Único achando valor razoável, mas ao clicar em ""comprar"" vc é direcionado para empresa para que seja efetivada a compra, mas o valor inicial é automaticamente alterado para valor maior. Entendo isso como propaganda enganosa, está agindo de forma abusiva, é necessário ao meu ver que haja a informação clara do preço do produto."
Atraso na entrega,Comprei um secador no dia 20 de setembro me mandaram mensagem q ia ser entregue no dia 27 de setembro não recebi o produto então liguei pra ter informação então disseram q tiveram um problema e q não tinha data prevista para entrega e q tinha quarenta e oito horas para o pessoal me responder um absurdo tô decepcionada com a demora pra receber meu pedido casas Bahia já foi melhor tô muito chateada com essa compra 
Entrega de produto ,"Comprei nas casas Bahia uma fritadeira elétrica, nunca tive problema com as transportadora dos produtos que comprei nas casas Bahia e sempre usei o mesmo endereço para me trazerem meus produtos.Já com essa transportadora a história é diferente eles alegam não localizar meu endereço já por duas vezes e pra ajudar pedir às casas Bahia que desse o número do meu celular pra ligarem pra mim se tiverem dificuldade e simplesmente a Asap ignora isso e continua dizendo que não localiza meu endereço, chamo isso de INCOMPETÊNCIA .As casas Bahia deveria aceitar que o cliente retirasse na loja mais pró cima da casa do cliente em casos assim, preferem que a pessoa cancele, onde está o ditado ""O cliente sempre tem razão?"""
COMPREI NOTEBOOK DA VAIO E JA ESTA APRESENTANDO PROBLEMA ,"Comprei notebook no site da casas Bahia na data 21/08/2022, e notebook está apresentando problemas liga e desliga sozinho, não carrega e já não sei mais o que fazer paguei valor alto pelo notebook e menos 1 mês está apresentando problemas !!!! Se não resolver quero meu dinheiro de volta !!!!"
Preço do produto divergente do anúncio.,"Boa noite!Meu nome é Larissa. Durante uma busca por smart tv, me deparei com anúncio de uma smart tv da marca Samsung, 65 polegadas, no valor de R$ 2.611,55, anunciado pela CASAS BAHIA, no entanto, ao acessar o link, que me levou direto ao app oficial da referida loja, o produto estava no valor de R$ 3.899,00.Conforme artigo 5 do Código de Defesa do Consumidor, se o fornecedor descumprir a oferta anunciada, o cliente poderá, de livre escolha, optar por:I - exigir o cumprimento forçado da obrigação, nos termos da oferta, apresentação ou publicidade;Portanto, segue a reclamação para efetuar a compra da Smart tv conforme anunciado, fazendo valer o direito do consumidor, sob pena de nova reclamação em canais/órgãos competentes.Segue foto em anexo do preço anunciado."
Paguei e não recebi o produto,Comprei um livro no dia 12/09/22 com promessa de entrega no dia 21/09/22 e até o momento não recebi o produto. A Casa Bahia não dá nenhuma posição a respeito. Uma total falta de respeito com o consumidor. Já abri uma reclamação e não obtive nenhuma resposta. 
Cobrança indevida,"No dia 16/09 fiz o pedido de 6 Sabão Líquido Concentrado Ariel com Toque de Downy 1,2L - por 109,71No dia 20/09 recebei 1 unidade mas não dá especificação que eu paguei e já vou pagar a primeira do cartão Estão cobrando 109,71 por 1 unidade que não é a que paguei"
"Cama Elástica - Propaganda enganosa, produto devolvido e não reembolsado.","Comprei a Cama Elástica 3,05m - Código do item: 15293905 nas Casas Bahia, mas o que está escrito na descrição do produto não confere com o recebido. Exemplo: diz que a lona não tem emendas e chegou com duas.Diante das divergências, e má qualidade solicitei a devolução, fizeram a retirada do produto e estou desde 18/08 a espera do reembolso do valor pago.Já reclamei diversas vezes pelo whatsApp e agora não me respondem mais.Solicito providências!"
Entrega enganosa ,"Comprei o notebook pelo app no dia 24/09 a entrega estava para o dia 28/09 faltei do trabalho para aguardar o recebimento , quando deu 18:10 liguei para o SAC para saber o que havia ocorrido que ainda não haviam feito a entrega, desliguei o telefone passou um minuto apareceu no meu app que haviam tentando fazer a entrega e ninguém atendeu, na vdd ninguém apareceu pois estava a espera durante o dia todo, liguei novamente questionando a situação me responderam que não poderiam fazer nada que teria que aguardar a transportadora, perguntei se poderia retirar na loja disseram que não, e no dia que eles querem me entregar não estarei em casa para receber só quero o produto que já paguei pela entrada."
Pedido Não entregue ,"Comprei um sofá a um mês atrás no app diz que seria entregue dia 26/09, não entregaram, tento ligar e mandar mensagem para saber o que aconteceu não consigo contato com ninguém das casas Bahia. E eles também não me ligam para informar o que aconteceu!!!"
Propaganda enganosa ,Isso que me dá raiva das americanos Eles coloca o briquedo no valor baixo e fala que não está disponível no CEP .Aí vou coloca 20 CEP diferente um do outro de outra cidade tbm e nunca tem o briquedo .Isso e propaganda enganosa pro cliente ver e compra o mais caro e a criança fica chorando que quer mais não tenho dinheiro do mais caro aí minha filha ficou chorando pq não tenho dinheiro mais pq as americanas não tira se não tem em nem um locar.Fico triste pq se fosse alguma coisa pra mim não ligava mais como e pra minha filha ela tem 3 anos e viu o briquedo mais e difícil pq ela fica chorando pq quer .Só fico triste pq o mais caro sempre tem e o que tá na oferta nunca tem .
Compra pelo site,"Boa noite no dia 28 de setembro de 2022 comprei um fogão pelo site da América pagamento via pix ,finalizei a compra tudo certinho ,só que não consigo ter acesso ao pedido nem acompanhar o pedido ,pois no site e app da americana diz que não tenho nenhum pedido"
"No rastreio informa que o pedido foi entregue, mas eu NÃO RECEBI NADA ","Realizei a compra de uma cafeteira no APP das americanas e hoje recebi a informação que o produto foi entregue, porém eu NAO RECEBI NADA. Para quem foi entregue? Eu exijo o produto pelo qual eu paguei!!!!Eu quero o meu produto ou então o meu dinheiro de volta já! "
Americanas nao tinha o produto e não fez estorno no cartão de credito,"Comprei 3 produtos de mesmo valor na americanas para entrega em 3 horas. Porém a loja não tinha em estoque um dos produtos, então me mandou uma mensagem falando que não iriam descontar o valor de 3 produtos, apenas 2. Porém descontaram no meu cartão de crédito o valor de 3 produtos e não fizeram o estorno."
Propaganda enganosa é [Editado pelo Reclame Aqui]!,"Hoje dia 28/09/22 entrei no site da americanas e vi o produto Multiprocessador Philips Walita Powerchop 1000 no valor de R$ 529,99 + R$ 9,90 de frete  para ser entregue  amanha 29/08 conforme print anexado já dentro do carrinho Fui encaminhado para aba de pagamento e magicamente o valor mudou para R$ 567,60.Conforme  artigo 37 do CDC  isso é caracterizado [Editado pelo Reclame Aqui]!! Sendo assim,  amigavelmente solicito reajuste para que eu possa finalizar compra conforme anúncio.Como podemos prosseguir? "
Devolução de mercadoria,"Solicitei a devolução de uma chave canivete GM onix, e enviaram um código de devolução com prazo de 15 dias que estava expirado. Solicito envio de um código válido. Bem como, um código de devolução para uma cadeira e uma cuba de cozinha que foi solicitado."
Compra cancelada e dinheiro não restituído ,"Foi realizada compra do perfume Laguna Salvador Dali feminino 30ml no dia 20/09 da Empresa "" DAmore Presentes"", por meio da plataforma de compras da Lojas Americanas, com pagamento aprovado no mesmo dia às 20:39h.Entretanto, ocorreu cancelamento da entrega no dia 22/09 devido indisponibilidade no estoque, segundo a plataforma de vendas.A empresa foi notificada do ocorrido juntamente à plataforma responsável pela anunciação do produto no respectivo aplicativo (Lojas Americanas) no dia 22/09 sob protocolo de atendimento 322209222347898 com a garantia pela plataforma das Lojas Americanas que o vendedor parceiro (DAmore Presentes) responderia até dia 26/09, além da garantia que em até um dia útil o SAC da Lojas Americanas estaria como opção útil no aplicativo.A compra no valor de R$ 112.00 foi debitada na fatura do cartão de crédito.Novamente, pelo mesmo meio de comunicação houve notificação no dia 26/09, com a mesma mensagem automática sobre SAC e garantia de resposta da empresa fornecedora até dia 27/09.Desde então não há qualquer resposta sobre o ocorrido tanto da plataforma quanto da empresa fornecedora, se o valor será ressarcido e sob de que forma se dará a restituição do valor.A empresa também foi notificada no ReclameAQUI (ID: 150958999)"
Falta de devolução do dinheiro,"Fiz a compra de duas malas, recebi apenas uma e solicitei o reembolso do dinheiro., Mas já passou mais de um mês e até agora não recebi o dinheiro de volta."
Propaganda enganosa ,"Boa noite, venho através deste fazer uma reclamação do app da Americanas, sempre realizei várias compras com sucesso, porém hoje tive problema em relação ao comprar um aparelho celular, eles anunciaram um aparelho no preço excelente e quando fui colocar na sacola para finalizar a compra não dava certo  constava que estava esgotado, se estava esgotado porque não retirou o anúncio? Nesse caso estão descumprindo a oferta.. Tenho print do valor e do modelo do aparelho. Quero esse aparelho no mesmo valor que foi anunciado."
Cancelei o produto ,"Cancelei o produto em 24 de fevereiro,pedi devolução por atraso bem grande,a compra era pra minha sogra como havia falado em mensagem com a empresa,porém derrepente meses dps minha sogra me informa que tinha chegado um pedido pra mim,achei que era algo que comprei na internet,quando pedi pra ela abrir simplesmente era o bendito cabinete ,que já tínhamos cancelado,(ela não tem acesso mais ao cartão de crédito que foi devolvido o valor pela americanas como vcs me passaram,recebeu o pedido, e no fim achamos que não tinha então acontecido a devolução,agora de uns dias pra cá venho recendo q cobrança pela loja magamamute ou a devolução do valor,um absurdo tudo isso ,comprei pra chegar em um prazo não atenderam cancelei e agora todo esse constrangimento."
Cancelei o produto ,"Cancelei o produto em 24 de fevereiro,pedi devolução por atraso bem grande,a compra era pra minha sogra como havia falado em mensagem com a empresa,porém derrepente meses dps minha sogra me informa que tinha chegado um pedido pra mim,achei que era algo que comprei na internet,quando pedi pra ela abrir simplesmente era o bendito cabinete ,que já tínhamos cancelado,(ela não tem acesso mais ao cartão de crédito que foi devolvido o valor pela americanas como vcs me passaram,recebeu o pedido, e no fim achamos que não tinha então acontecido a devolução,agora de uns dias pra cá venho recendo q cobrança pela loja magamamute ou a devolução do valor,um absurdo tudo isso ,comprei pra chegar em um prazo não atenderam cancelei e agora todo esse constrangimento."
PRODUTO NÃO ENTREGUE,"Comprei um produto no dia 23, recebi a confirmação de que no dia 24 estaria entregue.Recebi nota fiscal, código do rastreio e data da suposta da data dia 24/09/22, mas até hoje dia 28/09/22, nada do produto.Tentei contato telefônico com a Americanas, imissão impossível, tentei via WhatsApp, apenas com robô, tentei por chat mandam uma mensagem depois de muitas horas, de nenhuma forma, ou seja falta de comprometimento com o consumidor.Essa mercadoria será entregue?Em caso de negativa preciso que realizem o cancelamento da nota fiscal e o estorno para instituição bancária não para o site como vale.Fico no aguardo de um posicionamento de meus questionamentos. Desde já agradeço.         Fabio"
Não respondem as reclamações!!!,"Senhores, boa noite..Estou a quase duas semanas aguardando resposta sobre minha reclamação e a atendente que fez o primeiro contato, nada responde!!!Uma vergonha para uma empresa que está tentando concorrer a um prêmio dado pelo site RECLAME AQUI apenas para empresas que tem boa índole!!! Essa Americanas e seus atendentes são péssimos!!!"
Propaganda enganosa ,"Fiz uma compra de um iPhone 12 pelo site americanas empresa, estava estampado na barra do site código de desconto, efetuei a compra pagando no pix, depois de alguns minutos foi dada cancelada, sem descritiva de motivo, site não chat de atendimento ao cliente para revisar se pode ser modificado o pedido, isso era 12h53, estou até agora esperando o estorno que pelo site se fosse em via pix seria em 2h, entrei em contato com eles pelo WhatsApp que por sinal tem um atendimento péssimo, depois de muito tentar, me disseram que deu erro no envio deles por duas vezes, pediram meus dados e que será efetuado o pagamento em uma prazo de até 10 dias. Ou seja, para quem tinha pressão em comprar o aparelho, passou a demorar além de um envio loto correios, site péssimo, demoram para responder e resolver."
"FIZ A COMPRA, NÃO ENTREGARAM E NÃO CANCELARAM NO MEU CARTÃO ","Fiz uma compra de um colchão pedido: 02-964688687, no dia 1 de agosto, o prazo de entrega era até o dia 24 de agosto, como não entregaram, no dia 26 de agosto entrei em contato com o sac pedindo o cancelamento, estou esperando até hoje dia 28 de setembro e ainda não fizeram o estorno do meu cartão, sempre dei preferência e recomendava esse site ,pois pensava que eles fossem de confiança, estou super decepcionada com o péssimo atendimento e com a demora para fazer o estorno no meu cartão de crédito "
"Relaxa, nas Americanas você achaDOR DE CABEÇA E TRANSTORNO!","Propaganda enganosa hein, Americanas??? Sério que estão concorrendo ao Prêmio RECLAME AQUI??? Que prêmio?? Só se for de a empresa mais desrespeitosa com o direito do consumidor!!! Não conseguem cumprir o prazo de entrega de UM ÚNICO FRASCO!!  Vocês são uma piada!! O que eu achei não me faz Relaxar coisa nenhuma só achei foi problema! Que horror! Porque abrirão essa loja online??? Chuva de Reclamações aqui!! Propaganda enganosa quanto à promessa de entrega rápida! Vocês não tem vergonha?? Aah, só lembrando que tem outras reclamações da mesma forma aqui!! Fiz uma compra no site, pedido 02-974061126 com promessa de entrega para hoje, 28/09  o que de fato foi fundamental para eu realizar a compra e não recebi!No final da tarde tiveram a cara de pau de enviar uma mensagem rasa, superficial e desrespeitosa informando que houve um imprevisto  e o produto será enviado NOS PRÓXIMOS DIAS!! Isso mesmo, sem nenhuma previsão ou satisfação, do dia que enfim vou receber o ÚNICO PRODUTO que tive a infelicidade de comprar nesse site enganoso, se o prazo de entrega fosse maior no ato da compra EU NÃO TERIA COMPRADO, pois se trata de um Suplemento que PRECISO tomar e devido ao atraso de vocês serei prejudicada, então a sensação é de ter sido enganada.  O mais esquisito é que no mesmo dia 27, recebi a informação que o pedido tinha sido enviado e no mesmo dia ficou disponível nos dados do pedido no site um código de rastreamento que parece ser dos correios/Sedex. Então que tipo de imprevisto aconteceu lojas Americanas??? Sedex não tem erros ou imprevistos. E esse código nojento que até agora não pode ser rastreado porque não consta na base de dados dos correios???E não adianta falar que a responsabilidade é da loja (5P não sei do que) porque no descritivo está escrito que seria entregue pelas Americanas que garante a entrega  Deixei o print anexo, vocês assumem a responsabilidade da entrega mas desaparecem convenientemente agora.Lamentável, minha primeira compra e já essa decepção! Não conseguem entregar um UNICO frasco de suplemento!! E pior é o marketing da empresa achar que estão arrasando com uma linguagem descolada pra informar para o cliente que PAGOU UM ABSURDO DE FRETE e está desesperado aguardando o produto que já deveria ter chegado, E te informam que seu produto não vai chegar cheios de emojis de risadinha?? Chega a parecer deboche!! Patéticos! E aí Americanas??? Vão enviar um código rastreável e decente ou vão continuar com essa Palhaçada suja?? Outra coisa: a loja NÃO DISPONIBILIZA botões VISÍVEIS PARA CANCELAMENTO do pedido como DEVE SER em compras online!!Se eu decidir cancelar vou receber meu dinheiro de volta INTEGRALMENTE?? Qual o procedimento??? Aguardo retorno quanto ao envio e já me deixem orientação para o retorno INTEGRAL caso eu não receba Pois é direito meu.NÃO ENTREGAR PRODUTO NO PRAZO CONFIGURA EM DESCUMPRIMENTO DA OFERTA!!Então parem com a linguagem e emoji engraçadinhos e respeitem o Consumidor.Mudem o Slogan de vocês: RELAXA, NAS AMERICANAS VOCÊ ACHADOR DE CABEÇA E TRANSTORNO  marketing infantil, lojas parceiras irresponsáveis, equipe de vendas  relapsos. Respeitei o nome da empresa e não tive o mesmo respeito de volta.Aguardo posicionamento. "
Oferta não cumprida,"Em 19/05/22 realizei o Pedido do produto ""VIOLAO HOFMA HMF 250 FOLK ELETROACUSTICO ACO SATIN NATURAL"", com pagamento via boleto bancário. No dia seguinte, 20/05/22, ao abrir meu e-mail para imprimir o boleto e realizar o pagamento, me deparei com um e-mail da solicitação de cancelamento do pedido (do dia 19/05/22), sendo que não solicitei em hora alguma a mesma. Por esse motivo não realizei o pagamento do boleto, visto que até o status da compra já estava como ""Solicitação de Cancelamento"". No mesmo instante entrei em contato com a empresa, questionando o status da compra, dessa solicitação da qual não realizei e reafirmando que gostaria do produto. Recebi resposta apenas hoje, após o vencimento do boleto, apenas dizendo que não poderia prosseguir com a compra, pois o boleto venceu. Todos os fatos estão em anexo, assim como o número do pedido.Entrei em contato com a empresa e a mesma se negou a cumprir a oferta. Já que não vou receber o produto, gostaria de algum tipo de bonificação em forma de Vale/Cupom que possa ser utilizado na loja."
Pedido entregue incompleto,"Fiz uma compra hoje com entrega em até 3h (pedido 02-974368749), porém veio faltando 1 item (marshmallow torção azul). Tentei entrar em contato com o chat, mas não respondem. Péssimo pos venda. Solicito resolução do caso urgente, visto que quem quer a entrega em até 3h precisa do produto com rapidez. Grata "
Reembolso ,"Em 14/2/22 comprei na loja onlime um SSD com o título de compra internacional. Recebi o pedido apenas dia 17 de março, mas dentro do prazo. O produto apresentou defeito e solicitei a garantia, mas por ser internacional, só era possível a devolução. Fiz a devolução em 01/06/22 via correio, com a orientação da empresa. Pedi o reembolso do valor no cartão de crédito e até agora, quase 4 meses depois, não recebi ainda. Tento entrar em contato com a empresa pelos canais disponibilizados, site e WhatsApp, mas não obtive respostas."
Memoria Ram para notebook enviada errada,"Olá, venho através deste reclamar o descaso da Loja americana, eu comprei uma memoria Ram notebook hyperx impact hx424s14ib/16 ddr4 16gb 2400mhz cl14 e me foi enviado outra memoria ram incompativel com a memoria já existente, eu solicitei a troca e não o reembolso, porem creio que o fornecedor não tinha a memoria que eu precisava e mesmo enviou outra achando que eu seria uma pessoa leiga, mas nao sou! solicitei a troca e os mesmos após receber o pacote confirmaram que estava Ok e cancelaram a compra, até ai ok. Porem a americanas nao me reembolsou e me mandou um vale presente! Vale Presente? que presente é esse que eu tenho que pagar?! eu quero meu dinheiro de volta, o erro foi de vocês não meu, é um absurdo isso. eu quero estorno no meu cartão porque a falha foi da loja e não minha.Pedido: 02-972146955"
